{"cameraMode":{"drawMode":0,"name":"Shaded","section":"Shading Mode"},"sceneLighting":false,"audioPlay":false,"sceneViewState":{"m_AlwaysRefresh":false,"showFog":true,"showSkybox":false,"showFlares":true,"showImageEffects":true,"showParticleSystems":true,"showVisualEffectGraphs":true,"m_FxEnabled":true},"in2DMode":false,"pivot":{"x":1.3751274347305298,"y":0.34092217683792117,"z":-0.9228869676589966},"rotation":{"x":-0.1229218989610672,"y":0.03482452780008316,"z":-0.004314593505114317,"w":-0.9917944073677063},"size":1.6479589939117432,"orthographic":false}