{"cameraMode":{"drawMode":0,"name":"Shaded","section":"Shading Mode"},"sceneLighting":false,"audioPlay":false,"sceneViewState":{"m_AlwaysRefresh":false,"showFog":true,"showSkybox":false,"showFlares":true,"showImageEffects":true,"showParticleSystems":true,"showVisualEffectGraphs":true,"m_FxEnabled":true},"in2DMode":false,"pivot":{"x":3.0229129791259767,"y":1.8636023998260499,"z":-0.2806103229522705},"rotation":{"x":-0.19810016453266145,"y":-0.48988473415374758,"z":0.11538197100162506,"w":-0.841101884841919},"size":1.6681241989135743,"orthographic":false}